metric,mean,median,std,min,max,q25,q75,ci_95_lower,ci_95_upper
roi_percent,130.91378292924318,129.2185401703718,37.13247474496786,11.907498417296662,291.2365026143763,104.58633903013263,155.3450596983965,63.764951493662046,207.72790612738237
payback_months,5.5345768070672445,5.142979885651348,1.9855725901499401,2.0046522264880338,42.615779110046795,4.2436620909411165,6.334640756281937,3.117783382109567,10.246181804062875
npv_3_year,1267876.8926318078,1266697.3418254799,309852.5277766829,113382.01010061624,2472860.4753907477,1057940.5947786365,1475599.892731876,662230.9471880592,1884730.657552639
benefit_cost_ratio,2.309137829292432,2.292185401703718,0.3713247474496785,1.1190749841729666,3.912365026143763,2.045863390301326,2.5534505969839656,1.6376495149366204,3.0772790612738237
